{
    "environment_configs": {
        "initial_count": 20,
        "initial_food": 150,
        "area": 800,
        "harshness": 0.5
    },
    "organism_paramaters": {
        "initial_energy": 3,
        "required_energy": 2,
        "initial_speed": 10,
        "initial_size": 10,
        "initial_sense": 10,
        "hunt_energy": 1,
        "run_energy": 1
    },
    "simulation_parameters": {
        "num_simulations": 1,
        "num_generations": 20
    },
    "simulation_results": {
        "simulation_1": {
            "organism_speeds": [
                32.00799623083218,
                32.454899418638014,
                29.6461719858606,
                30.902159227792165,
                30.887330396174033,
                30.023788445839998,
                30.343857291633462,
                28.183715484009415,
                33.06259623289073,
                26.232447141124656,
                32.63564808326978,
                29.92583487118691,
                31.45139214400999,
                28.241471016293133,
                30.30993624053258,
                30.865626212745752,
                33.25462354481691,
                33.217580554584174,
                32.101203719911204,
                26.122797284632007,
                29.8555053448436,
                29.835372839999646,
                27.759300949592312,
                31.92855997277686,
                29.78415211017221,
                30.48876144986461,
                28.468224350060954,
                30.245345920251204,
                29.339631382046626,
                28.48502185661976,
                31.569399607935445,
                30.800042482602564,
                28.52208144305158,
                29.79504331938803,
                28.484149972861815,
                28.798655702237077,
                33.59304276970164,
                31.11197440459905,
                31.2772392916568,
                31.69326853755913,
                31.86131337745628,
                34.72580729078695,
                32.766865388660605,
                30.03342000794496,
                30.604044070034238,
                30.62077361750628,
                30.701011154188382,
                30.331822709605817,
                30.656114640050628,
                33.73342251924025,
                32.50563586827742,
                30.591515235816246,
                30.725032144739043,
                29.28597095681477,
                31.18200865309052,
                31.69678819686372,
                33.60781497216296,
                26.43624674658005,
                29.669341605896918,
                29.567676780271288,
                28.72858453091056,
                29.115845028999,
                28.442707693272922,
                28.194911641173167,
                29.30181529625649,
                31.443340850094835,
                31.941848023528035,
                35.42062585512156,
                30.233117185804446,
                33.43514298929644,
                35.70576781626708,
                32.18939458010493,
                29.75071372422429,
                32.33924518044537,
                31.25332942550648,
                33.091768617197495,
                32.42820230362532,
                35.18110615286556,
                34.91937464773791,
                35.789106926238986,
                34.11470754942643,
                33.70073952345379
            ],
            "organism_sizes": [
                37.2296738500775,
                34.505865101281834,
                45.162978232914035,
                36.880468655086744,
                39.28555282419394,
                41.22853478170481,
                43.80869393779824,
                41.7833106763773,
                39.13988654600758,
                42.859199067281395,
                38.14624672149607,
                44.32599789932713,
                35.06801774707158,
                44.11100910036941,
                44.1632132554385,
                42.93980269045906,
                38.1200097289448,
                34.49801223113797,
                35.30795024070619,
                43.45540807731748,
                46.25266232102895,
                45.02308452334799,
                42.846369514547895,
                36.02566440332689,
                41.729477891281725,
                41.420017729838385,
                43.24855269463591,
                44.18411123294055,
                44.86424007044861,
                42.55592008056816,
                35.57360717421677,
                44.23559939883885,
                42.79759828873976,
                39.686073934849404,
                45.40687533326949,
                43.51539995161706,
                39.33420791490854,
                38.945403861763694,
                42.58244046884058,
                38.290761419513416,
                32.85300211575076,
                38.641210794905525,
                35.36786690066353,
                46.140751802883656,
                36.31830592737706,
                37.31809605978455,
                39.38271151442437,
                43.46750375654925,
                35.724120354079744,
                39.304920401493966,
                37.41628129778134,
                44.67112954814219,
                43.63915568778997,
                39.221653978298164,
                43.34868252222664,
                38.49689958264076,
                34.96042932735761,
                44.247079108915685,
                45.311791856211926,
                41.280774179589734,
                42.71834175581578,
                39.27076285651897,
                44.73520785004643,
                43.939233291419825,
                46.8762115512431,
                43.2540815637996,
                43.790025040346464,
                38.52510700650275,
                45.918703623273,
                38.87433064564353,
                39.37676555671606,
                36.93894922445294,
                46.60913406056315,
                36.21181584494355,
                36.82373152857703,
                36.94805629946988,
                36.08721243301394,
                38.45545689599729,
                39.74062766703182,
                39.39856696723382,
                40.02298255548744,
                40.221450808753616
            ],